000464333,Mercredi 9/06 AM,Mercredi 9/06 PM,Mardi 8/06 AM
475841,Mardi 8/06 AM,Mardi 8/06 PM,Lundi 7/06 PM
459745,Mardi 8/06 PM,Mardi 8/06 AM,Lundi 7/06 PM
459907,Mardi 8/06 AM,Mardi 8/06 PM,Lundi 7/06 PM
459631,Lundi 7/06 PM,Lundi 7/06 AM,Mardi 8/06 AM
474748,Lundi 7/06 AM,Lundi 7/06 PM,Mardi 8/06 AM
474680,Lundi 7/06 AM,Lundi 7/06 PM,Mardi 8/06 AM
474950,Mardi 8/06 AM,Mardi 8/06 PM,Mercredi 9/06 AM
475828,Lundi 7/06 AM,Lundi 7/06 PM,Mardi 8/06 PM
000459939,Lundi 7/06 PM,Mardi 8/06 PM,Lundi 7/06 AM
000464333,Mercredi 9/06 AM,Mercredi 9/06 PM,Mardi 8/06 AM
475025,Mardi 8/06 AM,Mardi 8/06 PM,Mercredi 9/06 AM
473802,Lundi 7/06 AM,Lundi 7/06 PM,Mardi 8/06 AM
474581,Lundi 7/06 AM,Lundi 7/06 PM,Mardi 8/06 AM
000397142,Mercredi 9/06 PM,Mercredi 9/06 AM,Mardi 8/06 PM
464764,Lundi 7/06 PM,Lundi 7/06 AM,Mardi 8/06 AM
000473800,Mardi 8/06 AM,Mardi 8/06 PM,Lundi 7/06 PM
474852,Lundi 7/06 AM,Mardi 8/06 AM,Lundi 7/06 AM
459733,Lundi 7/06 AM,Lundi 7/06 PM,Mardi 8/06 AM
440166,Mardi 8/06 AM,Lundi 7/06 AM,Mardi 8/06 PM
474915,Mardi 8/06 PM,Mardi 8/06 AM,Lundi 7/06 PM
475007,Lundi 7/06 AM,Lundi 7/06 PM,Mardi 8/06 AM
474979,Lundi 7/06 PM,Mardi 8/06 PM,Mardi 8/06 AM
474744,Mardi 8/06 AM,Lundi 7/06 PM,Mardi 8/06 PM
475632,Lundi 7/06 AM,Lundi 7/06 PM,Mardi 8/06 AM
477286,Lundi 7/06 AM,Lundi 7/06 PM,Mardi 8/06 AM
474587,Mardi 8/06 PM,Mardi 8/06 AM,Mercredi 9/06 AM